target,experiment,round,mutset,score,contact_delta_count,rmsd_ca,plddt_wt,plddt_ph,dssp_delta,lineage,notes
LMNA Y45,lmna_msa_modified,1,L37W,3.0,2,2.61,88.77,90.67,0.00,POOL,"Best round-1 single mutant; L37W creates pi-cation contacts"
LMNA Y45,lmna_msa_modified,1,L20P,2.8,14,10.14,80.61,83.85,0.068,POOL,"Proline kink at pos 20; high vdw contact gain; selected for L3 lineage"
LMNA Y45,lmna_msa_modified,1,L23E,2.6,4,4.27,89.51,91.17,0.00,POOL,"Salt bridge formation; selected for multiple lineages"
LMNA Y45,lmna_msa_modified,2,L23E__T49P,7.4,10,4.68,83.18,87.12,0.00,L3,"Best round-2 double mutant; combined vdw + salt bridge"
LMNA Y45,lmna_msa_modified,2,R26H__L37W,6.6,7,2.87,87.77,90.58,0.00,L1,"Pi-cation + salt-bridge combination"
LMNA Y45,lmna_msa_modified,2,L23E__I48H,6.2,4,5.48,88.92,90.89,0.00,L3,"Salt-bridge enriched double mutant"
LMNA Y45,lmna_msa_modified,3,L23E__L46P__T49P,10.0,23,14.85,77.22,81.92,0.085,L3,"Triple mutant; two prolines distort helix; large rmsd gain"
LMNA Y45,lmna_msa_modified,3,L23E__N41P__T49P,9.6,30,18.23,69.91,75.57,0.169,L3,"Highest contact count; N41P near phosphosite"
LMNA Y45,lmna_msa_modified,4,Q21R__L23E__L46P__T49P,14.0,25,10.70,77.36,81.29,0.119,L3,"Best round-4 mutant; Q21R adds K/R donor near phosphate"
LMNA Y45,lmna_msa_modified,4,L14R__L23E__L46P__T49P,12.4,26,12.35,75.23,80.06,0.136,L3,"L14R salt-bridge contribution"
LMNA Y45,lmna_msa_modified,4,L23E__L46P__T49P__V55T,12.0,24,9.62,77.25,81.13,0.102,L3,"V55T adds polar contact in tail region"
LMNA Y45,lmna_msa_modified_best,5,L20P__D25R__L37E__A42P__T49P,18.6,,,,,,"Best overall LMNA evolved sequence; 5 mutations; contact_delta_score=18.6; Calpha-RMSD=17.27 A vs WT. Contains multiple prolines that destabilise the straight helix conformation. Not directly expressed; provides backbone instinct for multi-state design."
MAPRE1 Y247,mapre1_baseline,1,C11A,1.8,9,14.95,78.50,77.49,0.020,POOL,"Representative MAPRE1 round-1 mutant"
MAPRE1 Y247,mapre1_baseline,1,C11D,1.6,8,10.84,76.58,75.84,0.020,POOL,"C11D salt-bridge formation"
MAPRE1 Y247,mapre1_baseline,1,C11E,1.8,9,9.30,75.91,76.21,0.020,POOL,"C11E salt-bridge formation"
